Rank,ReleaseYear,year,Movie_first,Movie_second,DomesticGross,WorldwideGross,movieId
2901,2012-09-28,2012,Pitch Perfect,NA,65001093,116044347,tt1981677
2902,1998-08-05,1998,Halloween,H2O,55041738,55041738,tt0120694
2903,2013-04-03,2013,Evil Dead,NA,54239856,97778356,tt1288558
2904,2004-08-27,2004,Jet Li's Hero,NA,53652140,177535958,"NA"
2905,2010-10-29,2010,Saw 3D,NA,45710178,133735284,tt1477076
2906,2015-02-20,2015,"McFarland, USA",NA,44480275,45707924,tt2097298
2907,2016-11-11,2016,Almost Christmas,NA,42065185,42493506,tt4649416
2908,2006-03-10,2006,The Hills Have Eyes,NA,41778863,70355813,tt0454841
2909,2019-07-11,2019,Crawl,NA,39014193,83488492,tt8364368
2910,2002-03-01,2002,40 Days and 40 Nights,NA,37939782,95092667,tt0243736
2911,2003-10-10,2003,Good Boy!,NA,37667746,45312217,tt0326900
2912,2007-01-26,2007,Smokin' Aces,NA,35662731,57263440,tt1148297
2913,1998-10-02,1998,A Night at the Roxbury,NA,30331165,30331165,tt0120770
2914,2011-03-04,2011,Beastly,NA,27865571,38028230,tt1152398
2915,2010-03-05,2010,Brooklyn's Finest,NA,27163593,39233233,tt5210194
2916,1982-07-09,1982,Tron,NA,26918576,26918576,tt0084827
2917,2010-08-20,2010,Lottery Ticket,NA,24719879,24719879,tt0979434
2918,2003-09-05,2003,Dickie Roberts,Former Child Star,22734486,23734486,tt0325258
2919,2006-03-31,2006,ATL,NA,21170563,21170563,tt0466856
2920,2001-08-24,2001,Summer Catch,NA,19693891,19693891,tt0234829
2921,1998-12-11,1998,A Simple Plan,NA,16316273,16316273,tt0120324
2922,2006-03-24,2006,Larry the Cable Guy,Health Inspector,15680099,15680099,tt0462395
2923,2002-11-27,2002,Wes Craven Presents,They,12840842,16140842,"NA"
2924,1999-10-01,1999,The Adventures of Elmo in Grouchland,NA,11634458,11634458,tt0159421
2925,1987-07-24,1987,Superman IV,The Quest for Peace,11227824,11227824,tt0094074
2926,1963-05-29,1963,55 Days at Peking,NA,10000000,10000000,tt0056800
2927,2009-06-05,2009,My Life in Ruins,NA,8677425,20477425,tt0865559
2928,2006-04-21,2006,American Dreamz,NA,7314027,16510971,tt0465142
2929,2008-01-25,2008,How She Move,NA,7070641,8607815,"NA"
2930,2006-02-24,2006,Running Scared,NA,6855137,9729088,tt0404390
2931,2012-08-23,2012,The Apparition,NA,4936819,10637281,tt1433822
2932,2004-04-30,2004,Bobby Jones,Stroke of Genius,2694071,2694071,tt0375104
2933,1986-08-29,1986,Shanghai Surprise,NA,2315000,2315000,tt0091934
2934,2010-12-25,2010,L'illusionniste,NA,2231474,8609949,"NA"
2936,2003-10-17,2003,Veronica Guerin,NA,1569918,9438074,tt0312549
2937,2016-06-10,2016,Genius,NA,1361045,7265283,tt1703957
2938,2007-11-14,2007,Southland Tales,NA,275380,364607,"NA"
2939,2015-01-16,2015,Escobar,Paradise Lost,195792,3917679,tt4505682
2940,2015-02-06,2015,"Mune, le gardien de la lune",NA,0,14534046,"NA"
2941,2009-06-23,2009,Chasseurs de dragons,NA,0,13446115,"NA"
2942,1977-10-21,1977,Damnation Alley,NA,0,0,tt0075909
2943,2016-03-10,2016,The Young Messiah,NA,6469813,7313697,tt1002563
2944,2006-11-10,2006,FUR,An Imaginary Portrait of Diane Arbus,223202,2281089,tt0422295
2945,1991-11-27,1991,My Girl,NA,58011485,58011485,tt0102492
2946,1987-12-11,1987,Wall Street,NA,43848100,43848100,tt0094291
2947,1995-12-11,1995,Sense and Sensibility,NA,42993774,134993774,tt0114388
2948,2006-08-18,2006,The Illusionist,NA,39868642,83792062,tt0443543
2949,2007-08-03,2007,Becoming Jane,NA,18663911,39380876,tt0416508
2950,2003-12-19,2003,House of Sand and Fog,NA,13005485,16157923,tt0315983
2951,2007-09-21,2007,Sydney White,NA,11892415,13636339,tt0815244
2953,1989-06-02,1989,Dead Poets Society,NA,95860116,239500000,tt0097165
2955,1994-12-16,1994,Dumb & Dumber,NA,127175374,246400000,tt0109686
2956,1989-07-14,1989,When Harry Met Sally?€?,NA,92823546,92961960,tt0098635
2957,2000-05-19,2000,Road Trip,NA,68525609,119739110,tt0215129
2958,1982-12-08,1982,The Verdict,NA,53977250,53977250,tt0084855
2959,1999-01-15,1999,Varsity Blues,NA,52894169,54294169,tt0139699
2960,2012-05-16,2012,Moonrise Kingdom,NA,45512466,68848446,tt1748122
2961,2011-10-12,2011,The Artist,NA,44667095,128256712,tt1655442
2962,2009-01-09,2009,The Unborn,NA,42670410,78208812,tt1139668
2963,2002-08-02,2002,The Master of Disguise,NA,40363530,40363530,tt0295427
2964,2006-10-06,2006,The Texas Chainsaw Massacre,The Beginning,39517763,50517763,tt0420294
2965,2006-11-30,2006,El Laberinto del Fauno,NA,37634615,87041569,"NA"
2966,2011-02-04,2011,The Roommate,NA,37300107,52545707,tt1265990
2967,2007-02-02,2007,The Messengers,NA,35374833,53774833,tt0425430
2968,2001-03-02,2001,See Spot Run,NA,33357476,43057552,tt0250720
2969,1991-08-09,1991,Double Impact,NA,29090445,29090445,tt0101764
2970,2001-06-27,2001,Baby Boy,NA,28734552,28734552,tt0255819
2971,2001-04-11,2001,Joe Dirt,NA,27087695,30987695,tt0245686
2972,2008-09-12,2008,The Women,NA,26902075,50103808,tt0430770
2973,2007-04-20,2007,Hot Fuzz,NA,23618786,81742618,tt0425112
2974,2008-08-15,2008,Vicky Cristina Barcelona,NA,23216709,104504817,tt0497465
2975,2000-06-16,2000,Boys and Girls,NA,21799652,21799652,tt0204175
2976,2018-06-13,2018,Superfly,NA,20537137,20723581,tt7690670
2977,1994-11-18,1994,L??on,NA,19284974,45284974,"NA"
2978,2010-03-12,2010,Remember Me,NA,19068240,56506120,tt1403981
2979,2002-10-11,2002,White Oleander,NA,16357770,21657770,tt0283139
2980,2009-09-18,2009,Jennifer's Body,NA,16204793,31943401,tt1131734
2981,2000-03-03,2000,Drowning Mona,NA,15427192,15980376,tt0186045
2982,1987-01-30,1987,Radio Days,NA,14792779,14792779,tt0093818
2983,2003-07-18,2003,How to Deal,NA,14108518,14108518,tt0319524
2984,2014-10-03,2014,Left Behind,NA,14019924,20769209,tt2467046
2985,2004-05-28,2004,Soul Plane,NA,13922211,14553807,tt0367085
2986,1988-12-09,1988,My Stepmother Is an Alien,NA,13854000,13854000,tt0095687
2987,2012-06-29,2012,People Like Us,NA,12431792,12617472,tt1716777
2988,1999-05-28,1999,The Thirteenth Floor,NA,11810854,11810854,tt0139809
2989,2004-09-03,2004,The Cookout,NA,11540112,11540112,tt0380277
2990,1979-10-19,1979,Meteor,NA,8400000,8400000,tt0079550
2991,1986-03-07,1986,Highlander,NA,5900000,12900000,tt0091203
2992,2016-11-18,2016,Bleed for This,NA,5083906,6603926,tt1620935
2993,2002-05-03,2002,Hollywood Ending,NA,4839383,14839383,tt0278823
2994,2000-09-15,2000,Duets,NA,4734235,6615452,tt0134630
2995,1999-08-13,1999,Detroit Rock City,NA,4217115,5825314,tt0165710
2996,2007-10-19,2007,Things We Lost in the Fire,NA,3287315,8120148,tt0469623
2997,2014-06-04,2014,The Homesman,NA,2429989,8217571,tt2398231
2998,2013-03-27,2013,Trance,NA,2322593,22594052,tt1924429
2999,2014-05-16,2014,The Immigrant,NA,2013456,7585011,tt4380070
3000,1997-08-15,1997,Steel,NA,1686429,1686429,tt0120207
3001,2005-12-21,2005,The White Countess,NA,1669971,2814566,tt0384686
3002,2008-07-25,2008,Bienvenue chez les Ch'tis,NA,1477650,247474497,"NA"
3003,2014-10-01,2014,"Men, Women and Children",NA,705908,1685403,"NA"
3004,2010-09-24,2010,Enter the Void,NA,337997,1467278,"NA"
3005,2008-12-31,2008,Good,NA,31631,31631,tt0436364
3006,2012-11-02,2012,Vamps,NA,3361,94812,tt1545106
3007,2010-05-11,2010,Haeundae,NA,0,64733391,"NA"
3008,2010-03-09,2010,Hachiko,A Dog's Story,0,47707417,"NA"
3009,2013-12-04,2013,Zulu,NA,0,1844228,tt2249221
3010,2018-12-07,2018,Second Act,NA,39282227,63288854,tt2126357
3011,2002-06-21,2002,Juwanna Mann,NA,13571817,13771817,tt0247444
3012,2007-06-08,2007,La M??me,NA,10299782,88611837,"NA"
3013,2002-11-15,2002,Ararat,NA,1693000,1693000,tt0273435
3014,2007-04-13,2007,Slow Burn,NA,1237615,1237615,tt5449860
3015,2005-04-22,2005,Madison,NA,517262,517262,tt1442286
3016,2010-02-26,2010,The Yellow Handkerchief,NA,318623,318623,"NA"
3017,2002-09-27,2002,Wasabi,NA,81525,7000000,"NA"
3018,2006-03-31,2006,Slither,NA,7802450,12930343,tt0439815
3019,1990-11-16,1990,Home Alone,NA,285761243,476684675,tt0099785
3020,1984-12-05,1984,Beverly Hills Cop,NA,234760478,316300000,tt0086960
3021,1986-05-16,1986,Top Gun,NA,179800601,356799634,tt0092099
3022,1982-12-17,1982,Tootsie,NA,177200000,177200000,tt0084805
3023,1987-11-25,1987,3 Men and a Baby,NA,167780960,167780960,tt0094137
3024,2010-11-26,2010,The King?€?s Speech,NA,138797449,430821168,"NA"
3025,1999-09-15,1999,American Beauty,NA,130058047,356258047,tt0169547
3026,2000-12-08,2000,"Crouching Tiger, Hidden Dragon",NA,128067808,213514672,tt0190332
3027,1988-12-09,1988,Twins,NA,111936388,216600000,tt0096320
3028,1996-12-20,1996,Scream,NA,103046663,173046663,tt0117571
3029,2017-08-02,2017,Annabelle,Creation,102092201,305384865,tt5140878
3030,2013-10-23,2013,Jackass Presents,Bad Grandpa,102003019,160903019,"NA"
3031,1978-06-28,1978,Heaven Can Wait,NA,98800000,98800000,tt0077663
3032,1985-12-18,1985,The Color Purple,NA,93589701,93589701,tt0088939
3033,2014-11-14,2014,The Imitation Game,NA,91125143,227740463,tt2084970
3034,1988-03-30,1988,Beetlejuice,NA,73839613,73887546,tt0094721
3035,1959-11-18,1959,Ben-Hur,NA,73000000,73259017,tt0052618
3036,2013-01-17,2013,Mama,NA,71628180,148095566,tt2023587
3037,1980-10-10,1980,Private Benjamin,NA,69847348,69847348,tt0081375
3038,1980-03-07,1980,Coal Miner's Daughter,NA,67182787,67182787,tt0080549
3039,1987-03-06,1987,Lethal Weapon,NA,65192350,120192350,tt0093409
3040,2010-03-19,2010,Diary of a Wimpy Kid,NA,64003625,76954311,tt1196141
3041,1983-07-29,1983,National Lampoon?€?s Vacation,NA,61400000,61400000,"NA"
3042,2007-08-31,2007,Halloween,NA,58269151,77514401,tt0373883
3043,2006-09-30,2006,The Queen,NA,56441711,128885873,tt0436697
3044,2007-10-12,2007,Why Did I Get Married?,NA,55204525,55934178,tt0906108
3045,2012-02-03,2012,The Woman in Black,NA,54333290,128955898,tt1596365
3046,1994-12-21,1994,Little Women,NA,50003303,50003303,tt0110367
3048,2018-08-09,2018,BlacKkKlansman,NA,49275340,93118210,tt7349662
3049,2006-02-03,2006,When a Stranger Calls,NA,47860214,67215435,tt0455857
3050,2002-02-08,2002,Big Fat Liar,NA,47811275,52461017,tt0265298
3051,1997-08-15,1997,Cop Land,NA,44906632,63706632,tt0118887
3052,1997-12-25,1997,Wag the Dog,NA,43057470,64252038,tt0120885
3053,2013-02-21,2013,Snitch,NA,42930462,57907734,tt0882977
3054,2003-05-02,2003,The Lizzie McGuire Movie,NA,42734455,55534455,tt0306841
3055,2015-12-02,2015,Krampus,NA,42725475,61788393,tt3850590
3056,2012-09-20,2012,End of Watch,NA,41003371,57586606,tt1855199
3057,1998-12-25,1998,The Faculty,NA,40283321,40283321,tt0133751
3058,1993-06-09,1993,What's Love Got to Do With It,NA,39100956,39100956,tt0108551
3059,2001-12-14,2001,Not Another Teen Movie,NA,37882551,62401343,tt0277371
3060,2014-12-03,2014,Wild,NA,37880356,52460543,tt2305051
3061,1962-12-16,1962,Lawrence of Arabia,NA,37495385,69995385,tt0056172
3062,2014-11-07,2014,The Theory of Everything,NA,35893537,123327692,tt2980516
3063,2011-09-16,2011,Drive,NA,35060689,81357930,tt0780504
3064,2000-03-31,2000,The Skulls,NA,35007180,35007180,tt0192614
3065,1966-10-10,1966,Hawaii,NA,34562222,34562222,tt0060491
3066,2018-11-23,2018,The Favourite,NA,34366783,94069024,tt5083738
3067,2003-04-18,2003,Malibu's Most Wanted,NA,34308901,34499204,tt0328099
3068,2009-09-04,2009,All About Steve,NA,33862903,40127259,tt0881891
3069,2000-04-28,2000,Where the Heart Is,NA,33771174,40862054,tt0198021
3070,2009-08-28,2009,Halloween 2,NA,33392973,38512850,"NA"
3071,2009-03-13,2009,The Last House on the Left,NA,32752215,46526243,tt0844708
3072,2005-02-18,2005,Because of Winn-Dixie,NA,32647042,33508485,tt0317132
3073,2005-02-04,2005,The Wedding Date,NA,31726995,47175038,tt0372532
3074,1987-09-25,1987,The Princess Bride,NA,30857000,30873940,tt0093779
3075,2002-07-12,2002,Halloween,Resurrection,30259652,37659652,tt0220506
3076,2007-12-25,2007,The Great Debaters,NA,30226144,30261293,tt0427309
3077,2014-08-22,2014,When the Game Stands Tall,NA,30127963,30138912,tt2247476
3078,1981-06-12,1981,Clash of the Titans,NA,30000000,44400000,tt0082186
3079,2004-02-20,2004,Confessions of a Teenage Drama Queen,NA,29331068,33118854,tt0361467
3080,1998-04-17,1998,The Object of my Affection,NA,29145924,29145924,tt0120772
3081,2007-05-11,2007,28 Weeks Later,NA,28638916,64232714,tt0463854
3082,1997-04-11,1997,Grosse Pointe Blank,NA,28084357,31070412,tt0119229
3083,2000-04-21,2000,Love and Basketball,NA,27441122,27709625,"NA"
3084,2017-09-08,2017,Home Again,NA,27020284,37336874,tt5719700
3085,2000-10-27,2000,Book of Shadows,Blair Witch 2,26421314,47721314,tt0229260
3086,1997-10-10,1997,Boogie Nights,NA,26410771,43111725,tt0118749
3087,2010-07-23,2010,Ramona and Beezus,NA,26167002,27469621,tt0493949
3088,2014-08-27,2014,The November Man,NA,25018119,34820335,tt2402157
3089,1996-05-03,1996,The Craft,NA,24769466,55669466,tt0115963
3090,2005-12-28,2005,Match Point,NA,23089926,87973835,tt0416320
3091,1993-11-05,1993,The Remains of the Day,NA,22954968,63954968,tt0107943
3092,1993-01-15,1993,Nowhere to Run,NA,22189039,52189039,tt0107711
3093,2000-09-22,2000,Urban Legends,Final Cut,21468807,38574362,tt0192731
3094,2013-03-20,2013,The Place Beyond the Pines,NA,21403519,47011449,tt3504988
3095,2006-10-20,2006,Flicka,NA,21000147,21896367,tt0434215
3096,2007-03-23,2007,The Hills Have Eyes II,NA,20804166,37466538,tt0800069
3097,2016-04-29,2016,Keanu,NA,20591853,20688141,tt4139124
3098,2010-12-22,2010,Country Strong,NA,20218921,20601987,tt1555064
3099,2002-10-11,2002,Tuck Everlasting,NA,19161999,19344615,tt0283084
3100,2006-10-13,2006,The Marine,NA,18844784,22165608,tt0419946
3101,1998-07-24,1998,Disturbing Behavior,NA,17507368,19014238,tt0134619
3102,1998-03-06,1998,The Big Lebowski,NA,17498804,46189568,tt0118715
3103,2014-07-25,2014,A Most Wanted Man,NA,17237855,36068890,tt1972571
3104,2009-06-26,2009,The Hurt Locker,NA,17017811,49894223,"NA"
3105,2000-01-28,2000,Eye of the Beholder,NA,16500786,18260865,"NA"
3106,2012-11-02,2012,The Man with the Iron Fists,NA,15634090,22018988,tt1258972
3107,1984-05-11,1984,Firestarter,NA,15136870,15136870,tt0087262
3108,2019-01-30,2019,Miss Bala,NA,14998027,15364632,tt5941692
3109,2012-09-21,2012,Killing Them Softly,NA,14945541,39238443,tt1764234
3110,2001-04-20,2001,Freddy Got Fingered,NA,14249005,14249005,tt0240515
3111,2011-06-23,2011,One Day,NA,13843771,59168692,tt1563738
3112,2004-06-25,2004,De-Lovely,NA,13337299,18524496,tt0352277
3113,2009-10-02,2009,Whip It,NA,13077184,18889972,tt1172233
3114,2008-01-11,2008,The Pirates Who Don't Do Anything,A VeggieTale?€?,12981269,13248444,tt0475998
3115,2008-01-23,2008,U2 3D,NA,12898847,26170402,"NA"
3116,2000-09-01,2000,Highlander,Endgame,12801190,12801190,tt0144964
3117,2016-11-25,2016,The Founder,NA,12786053,24403192,tt4276820
3118,2006-08-25,2006,Idlewild,NA,12669914,12669914,tt0417225
3119,2003-04-25,2003,Confidence,NA,12212417,12212417,tt0310910
3120,2019-08-09,2019,Blinded by the Light,NA,11800669,16919994,tt8266310
3121,2002-10-11,2002,Knockaround Guys,NA,11660180,12419700,"NA"
3122,1999-08-27,1999,The Muse,NA,11614954,11614954,tt0164108
3123,1998-04-03,1998,Barney's Great Adventure,NA,11156471,11156471,tt0120598
3124,1989-03-01,1989,New York Stories,NA,10763469,10763469,tt0097965
3125,1998-11-25,1998,Home Fries,NA,10513979,10513979,tt0119304
3126,2000-03-24,2000,Here on Earth,NA,10494147,10845127,tt0195778
3127,2004-10-08,2004,Raise Your Voice,NA,10411980,14811980,tt0361696
3128,1985-12-18,1985,Brazil,NA,9929135,9932146,tt0088846
3129,1993-04-23,1993,The Dark Half,NA,9579068,9579068,tt0106664
3130,2007-03-02,2007,Black Snake Moan,NA,9396870,10951153,"NA"
3131,2003-02-21,2003,Dark Blue,NA,9237470,12262065,"NA"
3132,2007-06-22,2007,A Mighty Heart,NA,9176787,19153568,tt0829459
3133,1983-09-30,1983,Brainstorm,NA,8921050,8921050,tt0085271
3134,2016-09-23,2016,Queen of Katwe,NA,8874389,10055481,tt4341582
3135,2000-03-24,2000,Whatever it Takes,NA,8735529,8735529,tt0202402
3136,2003-03-21,2003,Boat Trip,NA,8586376,14933713,"NA"
3137,2002-05-22,2002,The Importance of Being Earnest,NA,8378141,8378141,tt0278500
3138,1999-05-21,1999,The Love Letter,NA,8322608,9010980,tt0166252
3139,2006-05-05,2006,Hoot,NA,8117637,8224998,tt0453494
3140,2008-02-08,2008,In Bruges,NA,7800825,34533783,tt0780536
3141,2013-01-04,2013,Promised Land,NA,7597898,12394562,tt3578170
3142,2001-10-08,2001,Mulholland Drive,NA,7219578,20785973,tt0166924
3143,2018-06-07,2018,Hotel Artemis,NA,6708137,13316627,tt5834262
3144,2008-08-20,2008,The Rocker,NA,6409528,8767338,tt1031969
3145,2009-08-21,2009,Post Grad,NA,6382178,6563402,tt1142433
3146,2009-06-19,2009,Whatever Works,NA,5306706,35106706,tt1178663
3147,2000-07-19,2000,The In Crowd,NA,5217498,5217498,tt0163676
3148,2005-12-14,2005,Los tres entierros de Melquiades Estrada,NA,5027684,13454474,"NA"
3149,1999-09-24,1999,Jakob the Liar,NA,4956401,4956401,tt0120716
3150,2007-09-28,2007,Se jie,NA,4604982,65167430,"NA"
3151,2005-10-21,2005,"Kiss Kiss, Bang Bang",NA,4235837,16829464,tt0373469
3152,1999-04-30,1999,Idle Hands,NA,4023741,4023741,tt0138510
3153,2015-10-29,2015,Scouts Guide to the Zombie Apocalypse,NA,3703046,15554855,tt1727776
3154,2007-01-26,2007,Blood and Chocolate,NA,3526588,6551310,tt0397044
3155,2010-09-22,2010,You Will Meet a Tall Dark Stranger,NA,3247816,34247816,tt1182350
3156,2015-10-23,2015,Rock the Kasbah,NA,3020665,3386153,tt3164256
3157,2010-09-15,2010,Never Let Me Go,NA,2434652,11173718,tt1334260
3158,2016-09-09,2016,The Disappointments Room,NA,2423467,3503761,tt2364897
3159,2003-12-25,2003,The Company,NA,2281585,3396508,tt0335013
3160,2008-07-18,2008,Transsiberian,NA,2203641,6379575,tt0800241
3161,1999-10-22,1999,Crazy in Alabama,NA,1954202,1954202,tt0142201
3162,1986-01-17,1986,The Clan of the Cave Bear,NA,1953732,1953732,tt0090848
3163,2017-02-03,2017,The Comedian,NA,1658706,1658706,"NA"
3164,2008-03-14,2008,Funny Games,NA,1294640,8200127,"NA"
3165,2006-06-02,2006,Banlieue 13,NA,1200216,11599903,"NA"
3166,1999-11-12,1999,Felicia's Journey,NA,824295,1970268,tt0165773
3167,2002-01-25,2002,Metropolis,NA,673414,1405032,tt0295526
3168,2015-08-27,2015,C??k?? Ni?? Yinni??ng,NA,632542,11279884,"NA"
3169,1995-12-01,1995,Things to Do in Denver when You're Dead,NA,529766,529766,tt0114660
3170,2013-04-26,2013,The Reluctant Fundamentalist,NA,528731,528731,"NA"
3171,2004-02-06,2004,The Return,NA,501752,5953886,tt0362084
3172,2003-07-25,2003,Buffalo Soldiers,NA,353743,353743,"NA"
3173,2003-04-25,2003,Steal (Canadian Release),NA,220944,220944,"NA"
3174,2010-08-27,2010,Centurion,NA,123570,7885048,tt1020558
3175,2009-10-23,2009,Ong-Bak 2,NA,102458,7583050,"NA"
3176,1996-10-12,1996,Silent Trigger,NA,76382,76382,tt0117653
3177,2008-08-01,2008,Midnight Meat Train,NA,73548,1590246,tt0805570
3178,2013-09-06,2013,Winnie Mandela,NA,61847,61847,"NA"
3179,2011-11-04,2011,The Son of No One,NA,30680,1148578,tt1535612
3180,2002-10-25,2002,All the Queen's Men,NA,22723,22723,"NA"
3181,2007-10-05,2007,The Good Night,NA,22441,22441,tt0484111
3182,2013-10-11,2013,Khumba,NA,0,20898221,tt1487931
3183,2012-05-04,2012,A Few Best Men,NA,0,17224539,"NA"
3184,2014-10-10,2014,Aut??mata,NA,0,6775458,"NA"
3185,2015-12-03,2015,Chiamatemi Francesco - Il papa della gente,NA,0,3925769,tt3856124
3187,2010-02-05,2010,San suk si gin,NA,0,2013340,"NA"
3188,2005-10-06,2005,Dungeons & Dragons 2,The Elemental Might,0,909822,tt0406728
3189,2017-02-17,2017,In Dubious Battle,NA,0,214182,"NA"
3190,2015-04-10,2015,Broken Horses,NA,0,3471,tt2503954
3191,2001-06-29,2001,Pandaemonium,NA,0,0,"NA"
3192,1993-02-12,1993,Groundhog Day,NA,70906973,70906973,tt0107048
3193,2015-07-01,2015,Magic Mike XXL,NA,66013057,123660597,tt2268016
3194,1996-11-01,1996,Romeo+Juliet,NA,46338728,147542381,tt0117509
3195,2011-07-22,2011,Elle s'appelait Sarah,NA,7691700,25480031,"NA"
3196,2014-08-22,2014,Freedom,NA,0,872757,tt2584018
3197,1992-08-07,1992,Unforgiven,NA,101157447,159157447,tt0105695
3198,2006-01-27,2006,Manderlay,NA,74205,543306,"NA"
3199,1990-03-23,1990,Pretty Woman,NA,178406268,432645872,tt0100405
3200,1987-09-18,1987,Fatal Attraction,NA,156645693,320100000,tt0093010
3201,2008-11-12,2008,Slumdog Millionaire,NA,141330703,384530440,tt1010048
3202,1974-12-17,1974,Towering Inferno,NA,116000000,139700000,tt0072308
3203,1988-05-25,1988,Crocodile Dundee 2,NA,109306210,239606210,"NA"
3204,1989-12-20,1989,Born on the Fourth of July,NA,70001698,70001698,tt0096969
3205,1993-10-01,1993,Cool Runnings,NA,68856263,155056263,tt0106611
3206,2007-01-12,2007,Stomp the Yard,NA,61356221,75525718,tt0775539
3207,2009-01-16,2009,My Bloody Valentine,NA,51545952,102836002,tt1179891
3208,2012-08-31,2012,The Possession,NA,49130588,82925064,tt0431021
3209,1982-10-22,1982,First Blood,NA,47212904,125212904,tt0083944
3210,1977-07-13,1977,The Spy Who Loved Me,NA,46800000,185400000,tt0076752
3211,1998-09-25,1998,Urban Legend,NA,38116707,72571864,tt0146336
3212,1981-12-09,1981,Taps,NA,35856053,35856053,tt0083169
3213,2012-02-24,2012,Tyler Perry's Good Deeds,NA,35025791,35579177,tt2736560
3214,1991-01-18,1991,White Fang,NA,34729091,34729091,tt0103247
3215,1988-12-21,1988,Dangerous Liaisons,NA,34700000,34700000,tt0094947
3216,1999-10-08,1999,Superstar,NA,30628981,30628981,tt0167427
3217,2012-01-13,2012,The Iron Lady,NA,29959436,115592104,tt2609790
3218,1993-07-23,1993,Poetic Justice,NA,27450453,27450453,tt0107840
3219,2002-10-04,2002,Jonah,A VeggieTales Movie,25571351,25608779,tt0298388
3220,2002-03-08,2002,All About the Benjamins,NA,25482931,25873145,tt0278295
3221,1977-06-17,1977,Exorcist II,The Heretic,25011000,25011000,tt0076009
3222,2010-03-12,2010,Our Family Wedding,NA,20255281,21410546,tt1305583
3223,1995-10-27,1995,Vampire in Brooklyn,NA,19637147,19637147,tt0114825
3224,2006-05-05,2006,An American Haunting,NA,16298046,30443277,"NA"
3225,2003-08-22,2003,My Boss's Daughter,NA,15549702,15549702,tt0270980
3226,2009-08-07,2009,A Perfect Getaway,NA,15515460,22815460,tt0971209
3227,1996-10-25,1996,Thinner,NA,15171475,15171475,tt0117894
3228,1998-08-21,1998,Dead Man on Campus,NA,15064948,15064948,tt0118301
3229,1999-05-14,1999,Tea with Mussolini,NA,14395874,14395874,tt0120857
3230,1977-06-22,1977,"New York, New York",NA,13800000,13800000,tt0076451
3231,2002-04-26,2002,Jason X,NA,13121555,16951798,tt0325136
3232,1994-05-13,1994,Crooklyn,NA,13024170,13024170,tt0109504
3233,2007-03-16,2007,I Think I Love My Wife,NA,12559771,13205411,tt0770772
3234,2015-02-20,2015,Hot Tub Time Machine 2,NA,12314651,12826644,tt2637294
3235,2006-11-17,2006,Bobby,NA,11242801,20597806,tt0308055
3236,2001-02-02,2001,Head Over Heels,NA,10397365,10397365,tt0192111
3237,2012-10-26,2012,Fun Size,NA,9409538,11166615,tt1663143
3238,1999-04-23,1999,Lost and Found,NA,6552255,6552255,"NA"
3239,2007-11-30,2007,Le Scaphandre et le Papillon,NA,5990075,22754472,"NA"
3240,2006-10-06,2006,Little Children,NA,5463019,14121177,tt0404203
3241,2000-04-21,2000,Gossip,NA,5108820,12591270,tt0176783
3242,1999-03-26,1999,A Walk on the Moon,NA,4741987,4741987,tt0120613
3243,2014-12-26,2014,Suffragette,NA,4702420,34044909,"NA"
3244,2006-10-27,2006,Catch a Fire,NA,4299773,5782198,tt0437232
3245,2014-11-06,2014,Mr. Turner,NA,3958546,25187026,tt2473794
3246,2001-09-07,2001,Soul Survivors,NA,3100650,4288246,tt0218619
3247,2009-05-22,2009,Easy Virtue,NA,2656784,20537741,"NA"
3248,1995-03-31,1995,Jefferson in Paris,NA,2461628,2461628,tt0113463
3249,2010-08-06,2010,Flipped,NA,1755212,4289993,tt0817177
3251,2010-06-25,2010,Les herbes folles,NA,403952,1903952,"NA"
3252,2003-01-24,2003,Amen,NA,274299,274299,tt0362582
3253,2008-09-26,2008,The Lucky Ones,NA,266967,266967,tt0981072
3254,2011-09-30,2011,Margaret,NA,47185,623292,tt0466893
3255,2012-08-03,2012,Reign of Assassins,NA,0,11354230,"NA"
3256,2009-10-27,2009,Stan Helsing,A Parody,0,1553556,tt1185266
3257,2005-12-09,2005,Brokeback Mountain,NA,83043761,176980863,tt0388795
3258,1995-07-01,1995,Clueless,NA,56598476,56598476,tt0112697
3260,1990-03-30,1990,Teenage Mutant Ninja Turtles,NA,135265915,202000000,tt0100758
3261,1956-10-05,1956,The Ten Commandments,NA,85400591,85434516,tt0049833
3262,2002-11-08,2002,Far From Heaven,NA,15901849,29027914,tt0297884
3263,2012-10-12,2012,Seven Psychopaths,NA,15024049,33035736,tt1931533
3264,2000-11-22,2000,Quills,NA,7060876,11732088,tt0180073
3265,1982-01-29,1982,The Border,NA,6118683,6118683,tt0083678
3266,2005-02-18,2005,Der Untergang,NA,5501940,93631744,tt1096959
3267,2001-03-02,2001,The Caveman's Valentine,NA,687081,892506,tt0182000
3268,2011-04-01,2011,The Last Godfather,NA,164247,164247,"NA"
3269,2014-03-14,2014,Under the Skin,NA,2614251,7229933,"NA"
3270,2004-12-17,2004,Mar adentro,NA,2086345,39686345,tt0427498
3271,2014-09-12,2014,No Good Deed,NA,52543632,54323210,tt2011159
3272,1987-12-23,1987,Good Morning Vietnam,NA,123922370,123922370,tt0093105
3273,2010-12-03,2010,Black Swan,NA,106954678,331266710,tt0947798
3274,2001-01-12,2001,Save the Last Dance,NA,91038276,122244329,tt0206275
3275,2011-02-11,2011,Justin Bieber,Never Say Never,73013910,99034125,tt1702443
3276,2018-07-04,2018,The First Purge,NA,69488745,137054597,tt6133466
3277,2016-03-16,2016,Miracles from Heaven,NA,61705123,73798736,tt4257926
3278,2000-02-11,2000,Snow Day,NA,60008303,62452927,tt0184907
3279,2004-01-23,2004,The Butterfly Effect,NA,57924679,95638592,tt0289879
3280,1974-12-11,1974,The Godfather,Part II,57300000,57300000,tt0071562
3281,2016-06-23,2016,The Shallows,NA,55121623,118763442,tt4052882
3282,1987-07-17,1987,RoboCop,NA,53424681,53424681,tt0093870
3283,1988-08-19,1988,A Nightmare on Elm Street 4,The Dream Master,49369899,49369899,tt0095742
3284,2007-11-21,2007,This Christmas,NA,49121934,49733545,tt0937375
3285,2014-02-14,2014,About Last Night,NA,48637684,50445860,tt1826590
3286,2000-12-15,2000,"Dude, Where's My Car?",NA,46729374,73180297,tt0242423
3287,1988-08-12,1988,Young Guns,NA,44726644,44726644,tt0096487
3288,2014-10-10,2014,St. Vincent,NA,44137712,54837234,tt2170593
3289,2014-07-02,2014,Earth to Echo,NA,38934842,42174545,tt2183034
3290,1999-03-31,1999,10 Things I Hate About You,NA,38177966,60413950,tt0147800
3291,2002-05-10,2002,The New Guy,NA,28972187,28972187,tt0241760
3292,1993-02-05,1993,Loaded Weapon 1,NA,27979399,27979399,tt0107659
3293,1999-03-12,1999,Baby Geniuses,NA,27151490,27151490,tt0118665
3294,1998-04-24,1998,The Big Hit,NA,27066941,27066941,tt0120609
3295,1990-11-09,1990,Child's Play 2,NA,26904572,34166572,tt0099253
3296,1996-07-10,1996,Harriet the Spy,NA,26570048,26570048,tt0116493
3297,2013-03-01,2013,21 and Over,NA,25682380,42195766,"NA"
3298,2007-11-21,2007,The Mist,NA,25593755,57189408,tt0884328
3299,2015-01-21,2015,Ex Machina,NA,25440971,38358392,tt5262674
3300,1999-10-29,1999,Being John Malkovich,NA,22858926,32382381,tt0120601
3301,2001-09-07,2001,Two Can Play That Game,NA,22235901,22391450,tt0269341
3302,2016-03-11,2016,Eye in the Sky,NA,18704596,35402802,tt5916886
3303,2013-03-22,2013,Admission,NA,18007317,18733666,tt1814621
3304,2012-09-20,2012,The Perks of Being a Wallflower,NA,17742948,33069303,tt1659337
3305,2001-06-29,2001,crazy/beautiful,NA,16929123,19929123,tt0250224
3306,1998-08-28,1998,54,NA,16757163,16757163,tt0120577
3307,2015-10-16,2015,Room,NA,14677674,36262783,tt3170832
3308,2015-10-16,2015,Woodlawn,NA,14394097,14403703,tt4183692
3309,2006-12-20,2006,Letters from Iwo Jima,NA,13756082,67867998,tt0498380
3310,2009-05-29,2009,M??n som hatar kvinnor,NA,12749992,109421911,"NA"
3311,2007-02-23,2007,The Astronaut Farmer,NA,11003643,11141213,"NA"
3312,1998-06-12,1998,Dirty Work,NA,10020081,10020081,tt0120654
3313,2015-07-16,2015,Bajrangi Bhaijaan,NA,8178001,121778347,tt3863552
3314,1998-05-08,1998,Woo,NA,8064972,8064972,tt0120531
3315,2016-02-04,2016,Robinson Crusoe,NA,8005586,42446455,"NA"
3316,1994-04-13,1994,Serial Mom,NA,7881335,7881335,tt0111127
3317,1999-08-04,1999,Dick,NA,6276869,6276869,tt0144168
3318,1999-11-10,1999,Light It Up,NA,5871603,5871603,tt0172726
3319,2001-08-24,2001,Bubble Boy,NA,5002310,5002310,tt0258470
3320,2002-02-01,2002,Birthday Girl,NA,4919896,8130727,tt0346621
3321,2007-02-01,2007,"Paris, je t'aime",NA,4857374,5175088,"NA"
3322,2018-12-07,2018,Ben is Back,NA,3703182,9633387,tt7545524
3323,2007-08-24,2007,Resurrecting the Champ,NA,3172382,3260555,tt0416185
3324,2010-03-26,2010,Chloe,NA,3075255,11831131,tt2023432
3325,2001-03-02,2001,The Widow of St. Pierre,NA,3058380,3058380,"NA"
3326,2015-05-22,2015,Youth,NA,2703296,24001573,tt3312830
3327,1996-04-05,1996,Faithful,NA,2104439,2104439,tt0116269
3328,2010-02-26,2010,Un Proph??te,NA,2087720,19910624,"NA"
3329,2010-12-03,2010,"I Love You, Phillip Morris",NA,2037459,23014027,"NA"
3330,2015-07-23,2015,The Vatican Tapes,NA,1784763,14929184,tt1524575
3331,2006-03-17,2006,Find Me Guilty,NA,1173673,2898225,tt0419749
3332,1993-05-14,1993,Excessive Force,NA,1152117,1152117,tt0104215
3333,2006-10-13,2006,Infamous,NA,1151330,2613717,tt0420609
3334,2011-07-29,2011,Attack the Block,NA,1024175,6459183,tt1478964
3335,2015-08-13,2015,Brothers,NA,656688,17856688,tt3802576
3336,2000-12-29,2000,The Claim,NA,622023,1375635,tt0218378
3337,2018-04-12,2018,The Happy Prince,NA,464495,2394619,tt2404639
3338,2011-12-23,2011,In The Land of Blood and Honey,NA,303877,509193,tt1714209
3339,2010-06-18,2010,The Killer Inside Me,NA,217277,3617277,tt0954947
3340,2012-03-30,2012,Womb,NA,0,0,tt2389374
3342,2013-03-14,2013,The Call,NA,51872378,69821476,tt1911644
3343,2016-07-20,2016,Operation Chromite,NA,1022720,49196532,tt4939066
3344,2014-09-12,2014,The Drop,NA,10724389,19054534,tt1600196
3345,2002-07-12,2002,The Crocodile Hunter,Collision Course,28436931,33436931,tt0305396
3346,2010-09-03,2010,Machete,NA,26593646,46370970,tt0985694
3347,2002-12-19,2002,Antwone Fisher,NA,21078145,23367586,tt0168786
3348,1982-02-12,1982,La Guerre du feu,NA,20959585,20959585,"NA"
3349,2002-11-22,2002,The Emperor's Club,NA,14060950,16193713,tt0283530
3350,1993-09-10,1993,True Romance,NA,12281000,12309980,tt0108399
3351,2009-09-11,2009,Sorority Row,NA,11965282,26735797,tt1232783
3352,1992-09-30,1992,Glengarry Glen Ross,NA,10725228,10725228,tt0104348
3353,2008-11-07,2008,The Boy in the Striped Pyjamas,NA,9046156,44083403,"NA"
3354,1982-04-02,1982,Cat People,NA,7000000,21000000,tt0083722
3355,1979-05-25,1979,The Prisoner of Zenda,NA,7000000,7000000,tt0079753
3356,2010-10-15,2010,Conviction,NA,6797696,11826980,tt1244754
3357,2007-10-12,2007,Lars and the Real Girl,NA,5956480,11277119,tt0805564
3358,2010-05-21,2010,Solitary Man,NA,4360548,4360548,tt1723611
3359,2000-09-22,2000,Dancer in the Dark,NA,4157491,45557491,tt0168629
3360,2010-12-17,2010,Casino Jack,NA,2039869,2272186,tt1194417
3361,1997-12-31,1997,Oscar and Lucinda,NA,1612957,1612957,tt0119843
3362,1996-11-01,1996,The Funeral,NA,1212799,1412799,tt0116378
3363,2004-09-03,2004,Tae Guik Gi,The Brotherhood of War,1110186,69826708,"NA"
3364,2010-04-16,2010,The Perfect Game,NA,1089445,3931367,"NA"
3365,2012-10-05,2012,The Paperboy,NA,677200,4027663,tt1496422
3366,2012-12-12,2012,Ernest et Celestine,NA,292562,9376444,"NA"
3367,2012-02-09,2012,A Little Bit of Heaven,NA,10011,1100287,"NA"
3368,2014-11-28,2014,Mortadelo y Filem??n contra Jimmy el Cachondo,NA,0,3350943,"NA"
3369,1988-11-18,1988,The Land Before Time,NA,48092846,81972846,tt0095489
3370,1975-06-20,1975,Jaws,NA,260000000,470700000,tt0073195
3371,1973-12-26,1973,The Exorcist,NA,230347346,428214478,tt0070047
3372,2014-06-04,2014,The Fault in Our Stars,NA,124872350,307166834,tt2582846
3373,1999-07-09,1999,American Pie,NA,101800948,234723148,tt0163651
3374,2012-04-20,2012,Think Like a Man,NA,91547205,113373764,tt1621045
3375,2014-04-16,2014,Heaven is for Real,NA,91386097,100916299,tt1929263
3376,1986-12-12,1986,The Golden Child,NA,79817937,79817937,tt0091129
3377,1982-06-04,1982,Star Trek II,The Wrath of Khan,78912963,95800000,tt0084726
3378,2002-09-13,2002,Barbershop,NA,75781642,77063461,tt0303714
3379,1983-06-03,1983,WarGames,NA,74433837,74433837,tt0086567
3380,1994-02-04,1994,Ace Ventura,Pet Detective,72217396,107217396,tt0109040
3381,2012-02-24,2012,Act of Valor,NA,70012847,82497035,tt1591479
3382,1985-02-08,1985,Witness,NA,65532576,65532576,tt0090329
3383,2006-08-11,2006,Step Up,NA,65328121,110989157,tt0462590
3384,2012-02-02,2012,Chronicle,NA,64575175,123681790,tt1706593
3385,1996-12-20,1996,Beavis and Butt-Head Do America,NA,63118386,63118386,tt0115641
3386,1970-01-01,1970,Patton,NA,62500000,62500000,tt0066206
3387,2012-03-02,2012,Project X,NA,54731865,103028188,tt1636826
3388,2017-11-10,2017,"Three Billboards Outside Ebbing, Missouri",NA,54513740,160191915,tt5027774
3389,2016-11-25,2016,Lion,NA,51739495,149570720,tt3741834
3390,2018-05-04,2018,Overboard,NA,50316123,85369830,tt1563742
3391,1997-12-25,1997,Jackie Brown,NA,39673162,74727492,tt0119396
3392,1983-11-18,1983,Yentl,NA,39012241,39012241,tt0086619
3393,2008-04-25,2008,Harold & Kumar Escape from Guantanamo Bay,NA,38108728,43353117,tt1041753
3394,2013-11-01,2013,Philomena,NA,37709979,98963392,tt2431286
3395,1981-11-06,1981,Time Bandits,NA,37400000,37400000,tt0081633
3396,2002-02-15,2002,Crossroads,NA,37188667,57000000,tt0275022
3397,2015-07-09,2015,Paper Towns,NA,32000304,85450484,tt3622592
3398,2008-10-10,2008,Quarantine,NA,31691811,41924774,tt1082868
3399,2002-08-21,2002,One Hour Photo,NA,31597131,52223306,tt0265459
3400,2008-02-01,2008,The Eye,NA,31418697,57577765,tt0406759
3401,2004-04-07,2004,Johnson Family Vacation,NA,31203964,31286759,tt0359517
3402,2001-12-21,2001,How High,NA,31155435,31222395,tt0278488
3403,1960-10-07,1960,Spartacus,NA,30000000,60000000,tt0054331
3404,2006-09-01,2006,Crank,NA,27838408,43924923,tt0479884
3405,1992-12-11,1992,The Muppet Christmas Carol,NA,27281507,27492918,tt0104940
3406,2016-08-12,2016,Hell or High Water,NA,27007844,37584304,tt2582782
3407,2002-10-25,2002,Frida,NA,25885000,56131239,tt0120679
3408,2012-07-05,2012,Katy Perry,Part of Me,25326071,32700439,tt2215719
3409,2014-12-12,2014,Top Five,NA,25317379,26001741,tt2784678
3410,1998-09-11,1998,Rounders,NA,22921898,22921898,tt0128442
3411,1967-04-28,1967,Casino Royale,NA,22744718,41744718,tt0061452
3412,1979-06-15,1979,Prophecy,NA,22673340,22673340,tt0079758
3413,2015-01-30,2015,Project Almanac,NA,22348241,32909437,tt2436386
3414,2010-05-14,2010,Just Wright,NA,21540363,21867665,tt1407061
3415,1999-09-10,1999,Stir of Echoes,NA,21133087,21133087,tt0164181
3416,1995-01-13,1995,Tales from the Crypt,Demon Knight,21089146,21089146,tt0114608
3418,2005-03-11,2005,The Upside of Anger,NA,18761993,28915761,tt0365885
3419,2006-03-03,2006,Aquamarine,NA,18597342,22978953,tt0429591
3420,2013-11-15,2013,Nebraska,NA,17654912,24761360,tt1821549
3421,2004-01-09,2004,My Baby's Daddy,NA,17321573,17322212,tt0332712
3422,2001-10-05,2001,Max Keeble's Big Move,NA,17292381,17292381,tt0273799
3423,2011-12-09,2011,Young Adult,NA,16311571,22750356,tt1625346
3424,2013-09-04,2013,About Time,NA,15323921,89309178,tt2194499
3425,2018-12-14,2018,If Beale Street Could Talk,NA,14915773,19859167,tt7125860
3426,2017-07-14,2017,Wish Upon,NA,14301505,23477345,tt5322012
3427,1997-08-06,1997,Def Jam's How To Be a Player,NA,14010363,14010363,"NA"
3428,1998-10-30,1998,Living Out Loud,NA,12905901,12905901,tt0120722
3429,2008-10-03,2008,Rachel Getting Married,NA,12796861,17475475,tt1084950
3430,1981-03-20,1981,The Postman Always Rings Twice,NA,12200000,44200000,tt0082934
3431,2003-12-12,2003,Girl with a Pearl Earring,NA,11634362,43274797,tt0335119
3432,1982-02-10,1982,Das Boot,NA,11487676,84970337,"NA"
3433,2016-02-26,2016,Unforgettable,NA,11368012,16221211,tt5615904
3434,2004-12-03,2004,House of Flying Daggers,NA,11050094,92863945,tt0385004
3435,2002-03-22,2002,Sorority Boys,NA,10198766,12516222,tt0279781
3436,2017-10-13,2017,Marshall,NA,10051659,10116816,tt5301662
3437,2008-12-05,2008,Cadillac Records,NA,8195551,8942516,tt1042877
3438,2012-09-14,2012,Arbitrage,NA,7919574,35830713,tt1764183
3439,1960-10-24,1960,The Alamo,NA,7900000,7900000,tt0053580
3440,2000-05-12,2000,Screwed,NA,6982680,6982680,tt0156323
3441,2006-10-20,2006,Running With Scissors,NA,6860000,8706701,tt0439289
3442,1993-09-03,1993,Fortress,NA,6730578,46730578,"NA"
3443,2012-04-20,2012,For Greater Glory,The True Story of Cristiada,5669081,10026255,tt1566501
3444,2006-11-17,2006,For Your Consideration,NA,5549923,5549923,tt0470765
3445,1998-11-20,1998,Celebrity,NA,5078660,6200000,tt0120533
3446,2003-06-20,2003,From Justin to Kelly,NA,4922166,4922166,tt0339034
3447,1986-06-06,1986,Invaders from Mars,NA,4884663,4984663,tt0091276
3448,1996-03-22,1996,Girl 6,NA,4880941,4880941,tt0116414
3449,2003-10-22,2003,In the Cut,NA,4717455,23693646,tt0199626
3450,2008-02-22,2008,Charlie Bartlett,NA,3950294,5295909,tt1404600
3451,2009-02-13,2009,Two Lovers,NA,3149034,16349034,tt1427984
3452,2013-11-15,2013,La grande bellezza,NA,2883879,29549145,"NA"
3453,2002-02-15,2002,Last Orders,NA,2326407,2326407,"NA"
3454,2007-03-09,2007,Gwoemul,NA,2201923,92618117,"NA"
3455,1981-11-13,1981,The Pursuit of D.B. Cooper,NA,2104164,2104164,tt0082958
3456,1999-03-19,1999,Ravenous,NA,2062406,2062406,tt0129332
3457,2002-06-14,2002,The Dangerous Lives of Altar Boys,NA,1779284,1779284,tt0238924
3458,2013-02-28,2013,Stoker,NA,1703125,12034913,tt1682180
3459,2008-03-07,2008,Married Life,NA,1506998,2975188,"NA"
3460,2005-08-05,2005,2046,NA,1442338,19287485,"NA"
3461,2011-03-11,2011,Kill the Irishman,NA,1188194,1188194,tt1416801
3462,2005-09-30,2005,Duma,NA,870067,994790,tt0361715
3463,2012-04-20,2012,Darling Companion,NA,793352,1200346,tt1730687
3464,2010-06-04,2010,Ondine,NA,550472,557545,"NA"
3465,2001-07-20,2001,Brother,NA,450594,450594,tt0279831
3466,2002-10-04,2002,Welcome to Collinwood,NA,378650,4606284,tt0271259
3467,2015-08-07,2015,Kahlil Gibran's The Prophet,NA,340536,1080362,"NA"
3468,2008-04-18,2008,Life Before Her Eyes,NA,303439,7203439,"NA"
3469,1997-10-31,1997,Critical Care,NA,220175,220175,tt0118901
3470,2007-09-28,2007,Trade,NA,214202,1513388,tt0399095
3471,2006-01-06,2006,Fateless,NA,196857,196857,"NA"
3472,2010-09-03,2010,San qiang pai an jing qi,NA,190946,310946,"NA"
3473,1999-09-17,1999,Breakfast of Champions,NA,178287,178287,tt0120618
3474,2001-03-09,2001,Company Man,NA,146028,622273,"NA"
3475,2009-11-07,2009,Nanjing! Nanjing!,NA,122558,20122558,"NA"
3476,2015-02-21,2015,Trash,NA,17484,6553186,tt4982758
3477,2011-08-19,2011,5 Days of War,NA,17479,87793,tt1486193
3478,2015-11-11,2015,10 Days in a Madhouse,NA,14616,14616,tt3453052
3479,2009-04-07,2009,1612,NA,0,5400624,"NA"
3480,2015-09-04,2015,San cheng ji,NA,0,1950194,"NA"
3481,2012-04-19,2012,Tu Xia Chuan Qi,NA,0,1828400,"NA"
3482,2010-02-10,2010,Triangle,NA,0,1594955,tt1734171
3483,2013-10-19,2013,Supesu Batorushippu Yamato,NA,0,0,"NA"
3484,2014-10-03,2014,Drive Hard,NA,0,0,tt2968804
3485,2015-10-30,2015,Dancin' It's On,NA,0,0,tt2598580
3486,2009-06-05,2009,Home,NA,0,0,tt1014762
3487,2015-10-30,2015,The Dressmaker,NA,2022115,24041617,tt2910904
3488,1999-12-10,1999,Diamonds,NA,81897,81897,tt0167423
3489,1998-03-20,1998,Madadayo,NA,48856,48856,"NA"
3490,2015-11-20,2015,Carol,NA,12711491,42843521,tt2402927
3491,2019-05-30,2019,Gisaengchung,NA,0,86671564,"NA"
3492,1989-04-21,1989,Pet Sematary,NA,57469179,57469179,tt0098084
3493,2016-01-21,2016,Dirty Grandpa,NA,35593113,105078449,tt1860213
3494,2009-11-27,2009,The Cry of the Owl,NA,0,0,tt1034302
3495,2009-10-09,2009,St. Trinian?€?s,NA,15000,29830239,"NA"
3497,1977-05-25,1977,Star Wars Ep. IV,A New Hope,460998007,786598007,"NA"
3498,1984-06-08,1984,Gremlins,NA,148168459,148199515,tt0087363
3499,1965-12-22,1965,Doctor Zhivago,NA,111897830,112036323,tt0059113
3500,2010-12-10,2010,The Fighter,NA,93617009,129262388,tt0964517
3501,2008-10-24,2008,High School Musical 3,Senior Year,90559416,274392880,tt0962726
3502,1991-12-27,1991,Fried Green Tomatoes,NA,81204830,81204830,tt0101921
3503,2006-09-22,2006,Jackass,Number Two,72778712,85278712,tt0493430
3504,1992-03-13,1992,My Cousin Vinny,NA,52929168,52929168,tt0104952
3505,2014-08-22,2014,If I Stay,NA,50474843,78356170,tt1355630
3506,1989-04-07,1989,Major League,NA,49793054,49793054,tt0097815
3507,2003-04-04,2003,Phone Booth,NA,46566212,97837138,"NA"
3508,2002-01-25,2002,A Walk to Remember,NA,41227069,46060861,tt0281358
3509,1995-12-29,1995,Dead Man Walking,NA,39387284,83088295,tt0112818
3510,1999-03-05,1999,Cruel Intentions,NA,38665260,76238901,tt0139134
3511,2015-11-04,2015,Brooklyn,NA,38322743,62076141,tt2381111
3512,2008-10-17,2008,The Secret Life of Bees,NA,37780486,39994347,tt0416212
3513,2015-04-01,2015,Woman in Gold,NA,33307793,58586407,tt2404425
3514,1981-06-12,1981,History of the World,Part I,31672000,31672000,tt0082517
3515,2017-12-08,2017,"I, Tonya",NA,30014534,53797409,tt5580036
3516,2009-10-23,2009,Saw VI,NA,27693292,69752402,tt1233227
3517,2001-10-12,2001,Corky Romano,NA,23978402,25116103,tt0250310
3518,2019-02-14,2019,Fighting With My Family,NA,22958583,38730232,tt6513120
3519,1992-08-07,1992,Raising Cain,NA,21171695,21171695,tt0105217
3520,1978-04-13,1978,F.I.S.T,NA,20388920,20388920,"NA"
3522,2012-12-26,2012,Quartet,NA,18388357,56178935,tt1441951
3523,2001-11-21,2001,Out Cold,NA,13906394,14786394,tt0253798
3524,2000-10-13,2000,The Ladies Man,NA,13592872,13719474,tt0213790
3525,2001-03-30,2001,Tomcats,NA,13558739,13558739,tt0246989
3526,2013-11-06,2013,Inside Llewyn Davis,NA,13248209,32943247,tt2042568
3527,2002-04-12,2002,Frailty,NA,13110448,19947280,tt0360772
3528,1993-02-19,1993,Army of Darkness,NA,11502976,21502976,tt2651324
3529,2004-11-12,2004,Kinsey,NA,10214647,17443529,tt0362269
3530,2013-05-10,2013,Peeples,NA,9177065,9307166,tt1699755
3531,1993-12-25,1993,What's Eating Gilbert Grape,NA,9170214,9170214,tt0108550
3532,2016-07-01,2016,Sultan,NA,5599781,72989781,tt4832640
3533,2002-02-01,2002,Slackers,NA,4814244,5942218,tt0240900
3534,2003-09-26,2003,The Gospel of John,NA,4068087,4234355,tt0377992
3535,2004-10-10,2004,Vera Drake,NA,3753806,13353855,tt0383694
3536,2011-10-14,2011,La piel que habito,NA,3185193,38190517,"NA"
3537,2003-01-31,2003,The Guru,NA,3051221,24150550,"NA"
3538,1995-12-14,1995,Othello,NA,2844379,2844379,tt0114057
3539,1995-05-12,1995,The Perez Family,NA,2794056,2794056,tt0114113
3542,2016-07-01,2016,La Tortue Rouge,NA,920057,6712903,tt6986684
3543,2007-09-07,2007,Romance and Cigarettes,NA,551002,3231251,"NA"
3544,2006-11-10,2006,Copying Beethoven,NA,355968,6586324,tt0424908
3545,2011-08-26,2011,Brighton Rock,NA,229653,229653,"NA"
3546,2012-11-16,2012,Le pr??nom,NA,61611,25307405,"NA"
3547,2014-12-17,2014,La famille B??lier,NA,0,82438670,"NA"
3548,2012-05-04,2012,LOL,NA,0,10431506,tt1592873
3549,2016-02-05,2016,Misconduct,NA,0,2352511,tt3658772
3551,2008-10-24,2008,Saw V,NA,56746769,118209778,tt1132626
3552,2012-05-25,2012,Les Intouchables,NA,13182281,484873045,"NA"
3553,2007-04-27,2007,Jindabyne,NA,399879,2862544,"NA"
3554,2006-08-11,2006,Kabhi Alvida Naa Kehna,NA,3275443,32575443,tt0449999
3555,1979-05-25,1979,Alien,NA,80930630,203628947,tt0078748
3556,1982-06-04,1982,Poltergeist,NA,74706019,121706019,tt0084516
3557,1999-06-18,1999,An Ideal Husband,NA,18542974,31341183,tt0122541
3558,2004-12-25,2004,Darkness,NA,22163442,34409206,tt0287733
3559,2013-12-06,2013,The Last Days on Mars,NA,24084,261364,tt1709143
3560,1982-06-11,1982,ET,The Extra-Terrestrial,435110554,792965326,tt0123730
3561,1968-04-02,1968,2001,A Space Odyssey,59936321,71928046,tt0062622
3562,2007-04-20,2007,In the Land of Women,NA,11052958,14140402,tt0419843
3564,2004-02-20,2004,The Blue Butterfly,NA,1610194,1610194,tt0313300
3565,2001-11-02,2001,Le Fabuleux destin d'Am??lie Poulain,NA,33201661,174201661,"NA"
3566,2018-12-26,2018,PMC,deo beong-keo,0,12478635,"NA"
3567,1983-02-18,1983,Lovesick,NA,10143618,10143618,tt0085873
3568,2010-04-30,2010,Housefull,NA,1183658,18726300,tt1573072
3569,2007-08-24,2007,September Dawn,NA,1066555,1066555,tt0473700
3570,2018-10-17,2018,Halloween,NA,159342015,254902722,tt1502407
3571,1997-12-05,1997,Good Will Hunting,NA,138433435,225925989,tt0119217
3572,2004-10-22,2004,The Grudge,NA,110359362,187281115,tt0391198
3573,2016-08-25,2016,Don?€?t Breathe,NA,89217875,158973685,"NA"
3574,1981-06-26,1981,Stripes,NA,85300000,85300000,tt0083131
3575,2006-10-27,2006,Saw III,NA,80238724,163876815,tt0489270
3576,2016-07-01,2016,The Purge,Election Year,79042440,118514727,tt4094724
3577,2018-05-18,2018,Book Club,NA,68566296,91309403,tt6857166
3578,2000-08-25,2000,Bring it On,NA,68353550,90453550,tt0204946
3579,2018-01-03,2018,Insidious,The Last Key,67745330,172811971,tt5726086
3580,1999-01-29,1999,She's All That,NA,63465522,63465522,tt0160862
3581,2007-10-26,2007,Saw IV,NA,63300095,135759694,tt0890870
3582,2006-02-24,2006,Madea's Family Reunion,NA,63257940,63320521,tt0455612
3583,2005-01-07,2005,White Noise,NA,56094360,92094360,tt0375210
3584,1986-10-17,1986,The Color of Money,NA,52293000,52293000,tt0090863
3585,2015-06-04,2015,Insidious Chapter 3,NA,52218558,120453155,tt3195644
3586,1992-10-02,1992,The Mighty Ducks,NA,50752337,50752337,tt0104868
3587,2017-11-03,2017,Lady Bird,NA,48958273,78610769,tt4925292
3588,2009-11-06,2009,Precious (Based on the Novel Push by Sapphire),NA,47566524,68722848,"NA"
3589,2012-02-24,2012,The Best Exotic Marigold Hotel,NA,46383639,134639780,tt5173200
3590,2018-06-01,2018,Hereditary,NA,44069456,81301558,tt7784604
3591,2018-03-16,2018,"Love, Simon",NA,40826341,65520633,tt5164432
3592,1989-02-17,1989,Bill & Ted's Excellent Adventure,NA,40485039,40485039,tt0096928
3593,1962-10-04,1962,The Longest Day,NA,39100000,50100000,tt0056197
3594,1996-02-16,1996,Happy Gilmore,NA,38623460,41004412,tt0116483
3595,2017-10-27,2017,Jigsaw,NA,38052832,104223315,tt3348730
3596,2001-08-31,2001,Jeepers Creepers,NA,37904175,58939035,tt0263488
3597,1985-06-28,1985,St. Elmo?€?s Fire,NA,37800000,37800000,"NA"
3598,1968-12-11,1968,Oliver!,NA,37402877,37402877,tt0063385
3599,2001-02-16,2001,Recess,School's Out,36696761,44451470,tt2339607
3600,1985-07-10,1985,Mad Max Beyond Thunderdome,NA,36230219,36230219,tt0089530
3601,1977-11-03,1977,Pete?€?s Dragon,NA,36000000,36000000,"NA"
3602,2016-01-21,2016,The Boy,NA,35819556,68220952,tt3882082
3603,1985-10-04,1985,Commando,NA,35073978,35073978,tt0088944
3604,2017-05-19,2017,"Everything, Everything",NA,34121140,61603136,tt5001718
3605,2010-09-17,2010,Devil,NA,33679655,63354114,tt1314655
3606,2002-11-22,2002,Friday After Next,NA,33253609,33526835,tt0293815
3607,2015-02-26,2015,The Second Best Exotic Marigold Hotel,NA,33078266,90384306,tt2555736
3608,1985-03-22,1985,The Last Dragon,NA,33000000,33000000,tt0089461
3609,2017-04-28,2017,How to Be a Latin Lover,NA,32149404,62556228,tt4795124
3610,1992-03-06,1992,The Lawnmower Man,NA,32100816,32100816,tt0104692
3611,2008-10-03,2008,Nick and Norah's Infinite Playlist,NA,31487293,33886017,tt0981227
3612,2003-12-19,2003,Calendar Girls,NA,31011616,93074616,tt0337909
3613,1999-11-12,1999,Dogma,NA,30651422,43948865,tt0120655
3614,2018-05-18,2018,Slender Man,NA,30564825,51945949,tt5690360
3615,2002-09-20,2002,The Banger Sisters,NA,30306281,38067218,tt0280460
3616,2000-12-08,2000,Snatch,NA,30093107,83593107,tt0208092
3617,1989-05-19,1989,Road House,NA,30050028,30050028,tt0098206
3618,2018-07-27,2018,Teen Titans Go! To The Movies,NA,29790236,51620593,tt7424200
3619,2016-09-08,2016,When the Bough Breaks,NA,29747603,30768449,tt1389139
3620,1983-06-24,1983,Twilight Zone,The Movie,29500000,29500000,tt0086491
3621,1994-11-23,1994,A Low Down Dirty Shame,NA,29317886,29317886,tt0110399
3622,2013-08-30,2013,One Direction,This is Us,28873374,68541786,tt2515086
3623,2002-09-06,2002,Swimfan,NA,28564995,34084228,tt0283026
3624,2006-10-06,2006,Employee of the Month,NA,28444855,38364855,tt0424993
3625,2015-08-19,2015,Sinister 2,NA,27740955,54104225,tt2752772
3626,2016-01-07,2016,The Forest,NA,26594261,40749230,tt3387542
3627,2009-11-06,2009,The Fourth Kind,NA,26218170,49486874,tt1220198
3628,1983-03-25,1983,The Outsiders,NA,25697647,25697647,tt0086066
3629,1998-06-12,1998,Can't Hardly Wait,NA,25358996,25358996,tt0127723
3630,2012-08-17,2012,Sparkle,NA,24397469,24660323,tt1876451
3631,2016-10-14,2016,Kevin Hart,What Now?,23591043,23591043,tt4669186
3632,2013-04-26,2013,Mud,NA,21590086,31556959,tt3379694
3633,2010-11-12,2010,Skyline,NA,21416355,68264973,tt1564585
3634,2017-12-01,2017,The Disaster Artist,NA,21120616,28717667,tt3521126
3635,2016-09-15,2016,Blair Witch,NA,20777061,38985577,tt1540011
3636,1983-10-21,1983,The Dead Zone,NA,20766000,20766000,tt0085407
3637,2001-02-02,2001,Valentine,NA,20384136,20384136,tt0242998
3638,2006-06-09,2006,A Prairie Home Companion,NA,20342852,26716191,tt0420087
3639,2007-02-23,2007,Reno 911!,Miami,20342161,21851362,tt0499554
3640,1998-07-24,1998,Jane Austen's Mafia,NA,19843795,30143795,"NA"
3641,2015-10-21,2015,Paranormal Activity,The Ghost Dimension,18297124,77959374,tt2473510
3642,1994-02-25,1994,Sugar Hill,NA,18272447,18423914,"NA"
3643,2008-06-20,2008,Kit Kittredge,An American Girl,17657973,17657973,tt0846308
3644,1985-09-27,1985,Invasion U.S.A.,NA,17536256,17536256,tt0089348
3645,2005-09-23,2005,Roll Bounce,NA,17380866,17433072,tt0403455
3646,1998-12-11,1998,Rushmore,NA,17105219,19080435,tt0128445
3647,1990-01-19,1990,Tremors,NA,16667084,16667084,tt0100814
3648,2005-06-17,2005,The Perfect Man,NA,16535005,19535005,tt0380623
3649,1990-08-03,1990,Mo' Better Blues,NA,16153000,16153000,tt0100168
3650,2002-01-25,2002,Kung Pow,Enter the Fist,16033556,17033556,tt0240468
3651,2016-10-07,2016,The Birth of a Nation,NA,15861566,16891011,tt4196450
3652,2003-05-30,2003,Wrong Turn,NA,15417771,28649556,tt0295700
3653,1980-05-16,1980,The Long Riders,NA,15198912,15198912,tt0081071
3654,1999-03-12,1999,The Corruptor,NA,15164492,15164492,tt0142192
3655,2009-08-14,2009,The Goods,"Live Hard, Sell Hard",15122676,15297318,tt1092633
3656,2011-11-23,2011,My Week with Marilyn,NA,14597405,34240572,tt1655420
3657,2014-12-25,2014,Big Eyes,NA,14482031,27317872,tt1126590
3658,2005-08-05,2005,Broken Flowers,NA,13744960,40744960,tt0412019
3659,2002-06-28,2002,Hey Arnold! The Movie,NA,13684949,13684949,tt0314166
3660,2005-12-30,2005,The Matador,NA,12589255,17300838,tt0365485
3661,1997-03-14,1997,Love Jones,NA,12554569,12554569,tt0119572
3662,2000-12-19,2000,The Gift,NA,12008642,44567606,tt0219699
3663,2006-01-20,2006,End of the Spear,NA,11748661,11924041,"NA"
3664,2001-03-09,2001,Get Over It,NA,11560259,19860259,tt0192071
3665,2000-10-20,2000,The Legend of Drunken Master,NA,11546543,11546543,"NA"
3666,1999-02-19,1999,Office Space,NA,10827813,12179708,tt0151804
3667,1999-07-23,1999,Drop Dead Gorgeous,NA,10571408,10571408,tt0157503
3668,2019-04-05,2019,The Best of Enemies,NA,10205616,10220614,tt4807408
3669,1998-04-03,1998,The Spanish Prisoner,NA,10162034,13835130,"NA"
3670,1999-06-11,1999,Le Violon rouge,NA,10019109,10019109,"NA"
3671,1998-11-25,1998,Very Bad Things,NA,9949470,21094974,tt0124198
3672,2004-07-09,2004,Sleepover,NA,9408183,9408183,tt0368975
3673,2012-02-08,2012,Movie 43,NA,8840453,31164747,"NA"
3674,2018-10-19,2018,Can You Ever Forgive Me?,NA,8803865,12517379,tt4595882
3675,1984-10-26,1984,Body Double,NA,8801940,8801940,tt0086984
3676,2010-05-21,2010,MacGruber,NA,8525600,8629895,tt1470023
3677,2003-07-18,2003,Dirty Pretty Things,NA,8112414,14156753,"NA"
3678,2014-03-14,2014,Bad Words,NA,7779614,7843145,"NA"
3679,2015-03-27,2015,While We're Young,NA,7582065,17503828,"NA"
3680,2008-02-01,2008,Over Her Dead Body,NA,7570127,21596074,tt0785007
3681,2001-10-24,2001,Bones,NA,7316658,8378853,tt0166110
3682,2012-06-22,2012,Seeking a Friend for the End of the World,NA,7078738,11766959,tt1307068
3683,2006-12-01,2006,Turistas,NA,7027762,14321070,tt0454970
3684,2016-03-17,2016,Shut In,NA,6900335,11360665,tt2582500
3685,2011-02-11,2011,Cedar Rapids,NA,6861102,7862131,tt1477837
3686,2012-11-29,2012,The Collection,NA,6810754,8890094,tt1748227
3687,1998-10-30,1998,American History X,NA,6719864,6719864,tt0120586
3688,2018-08-16,2018,A.X.L.,NA,6501381,8259753,"NA"
3689,2004-01-16,2004,Teacher's Pet,The Movie,6491969,6491969,tt0350194
3690,1999-10-15,1999,The Straight Story,NA,6197866,6197866,tt0166896
3691,2002-05-03,2002,Deuces Wild,NA,6044618,6244618,tt0231448
3692,2008-03-28,2008,"Run, Fatboy, Run",NA,6003262,33512260,"NA"
3693,1981-12-18,1981,Heartbeeps,NA,6000000,6000000,tt0082507
3694,2015-03-20,2015,Danny Collins,NA,5637066,8465845,tt1772288
3695,2007-07-04,2007,Rescue Dawn,NA,5490423,7037886,tt1156320
3696,2000-04-05,2000,Black and White,NA,5241315,5241315,tt0204193
3697,2010-06-18,2010,Io sono l?€?amore,NA,5005465,15121528,"NA"
3698,2019-08-09,2019,Brian Banks,NA,4376820,4376820,"NA"
3699,2001-10-26,2001,On the Line,NA,4365455,4690802,tt0279286
3700,2018-06-15,2018,Gotti,NA,4286367,6089100,tt1801552
3701,2012-03-16,2012,"Jeff, Who Lives at Home",NA,4269426,4708127,"NA"
3702,2016-09-30,2016,Denial,NA,4073448,9263940,tt4645330
3703,2016-03-11,2016,The Man Who Knew Infinity,NA,3877922,12382122,"NA"
3704,2016-10-14,2016,Max Steel,NA,3818664,4563080,tt1472584
3705,2016-03-30,2016,Everybody Wants Some,NA,3400278,5437126,tt2937696
3706,1996-10-04,1996,Crash,NA,3357324,3357324,tt0115964
3707,2012-10-12,2012,Atlas Shrugged,Part II,3336053,3336053,tt1985017
3708,1994-02-04,1994,Romeo Is Bleeding,NA,3275585,3275585,"NA"
3709,1999-10-08,1999,The Limey,NA,3193102,6030047,tt0165854
3710,2014-11-14,2014,Rosewater,NA,3128941,3185717,tt2752688
3711,2000-12-22,2000,The House of Mirth,NA,3041803,5149131,tt0200720
3712,1987-05-01,1987,Malone,NA,3000000,3000000,tt0093483
3713,2006-06-02,2006,Peaceful Warrior,NA,2893666,3260179,tt0438315
3714,2011-09-09,2011,Bucky Larson,Born to Be a Star,2529395,2529395,tt1411664
3715,2000-10-06,2000,Bamboozled,NA,2185266,2373937,tt0215545
3716,1981-02-11,1981,Sphinx,NA,2000000,11400000,tt0083113
3717,2013-05-03,2013,The Iceman,NA,1930282,3623609,"NA"
3718,2015-01-16,2015,Testament of Youth,NA,1822250,6646669,tt6049430
3719,2017-03-31,2017,Free Fire,NA,1799322,3793739,"NA"
3720,2011-06-24,2011,A Better Life,NA,1759252,1884251,tt1554091
3721,2003-02-28,2003,Spider,NA,1641788,1641788,tt0290983
3722,2000-02-04,2000,Gun Shy,NA,1638202,1638202,tt0171356
3723,2002-12-27,2002,Nicholas Nickleby,NA,1562800,1562800,tt0309912
3724,2010-04-16,2010,The Joneses,NA,1475746,3541565,tt2367359
3725,2006-06-23,2006,Krrish,NA,1430721,32430721,tt0432637
3726,2012-06-29,2012,Killer Joe,NA,1291645,4659110,"NA"
3727,2017-03-30,2017,Churchill,NA,1279681,7582196,tt2674454
3728,2000-08-11,2000,Cecil B. Demented,NA,1276984,1953882,tt0173716
3729,2014-03-21,2014,50 to 1,NA,1069454,1069454,tt1777595
3730,2003-05-02,2003,Owning Mahowny,NA,1011054,1011054,tt0285861
3731,2007-10-19,2007,The Ten Commandments,NA,952820,1051907,tt0955411
3732,2007-09-07,2007,The Brothers Solomon,NA,900926,900926,tt0784972
3733,2008-04-04,2008,My Blueberry Nights,NA,866778,22198996,"NA"
3734,1999-08-06,1999,Illuminata,NA,836641,836641,"NA"
3735,2012-01-20,2012,Coriolanus,NA,749641,2179623,"NA"
3736,2013-10-04,2013,Parkland,NA,641439,1616353,tt2345112
3737,2002-10-11,2002,Swept Away,NA,598645,598645,tt0291502
3738,2008-05-23,2008,"War, Inc.",NA,580862,1299855,tt0884224
3739,2004-04-02,2004,Shaolin Soccer,NA,488872,42776032,"NA"
3740,2004-08-27,2004,The Brown Bunny,NA,366301,630427,"NA"
3741,2007-09-14,2007,King of California,NA,268461,1165102,tt0388182
3742,1997-10-24,1997,Rien ne va plus,NA,245359,5045359,"NA"
3743,1998-08-14,1998,La femme de chambre du Titanic,NA,244465,244465,"NA"
3744,2004-12-17,2004,Imaginary Heroes,NA,228524,290875,tt0373024
3745,2001-10-26,2001,High Heels and Low Lifes,NA,226792,226792,tt0253126
3746,2009-08-21,2009,World's Greatest Dad,NA,221805,295750,tt1262981
3747,2013-05-03,2013,"Cinco de Mayo, La Batalla",NA,173472,173472,tt2553908
3748,2010-10-29,2010,Welcome to the Rileys,NA,152857,355919,tt1183923
3749,2016-09-09,2016,Kicks,NA,150191,150191,tt4254584
3750,2009-10-09,2009,Free Style,NA,141108,721108,"NA"
3751,2012-06-01,2012,High School,NA,139034,248133,tt2170584
3752,2007-05-18,2007,Severance,NA,137221,5950002,tt0953896
3753,2006-07-14,2006,Edmond,NA,131719,241719,tt5351480
3754,2010-04-23,2010,Joheunnom nabbeunnom isanghannom,NA,128486,42226657,"NA"
3755,1994-08-26,1994,Police Academy 7,Mission to Moscow,126247,126247,"NA"
3756,2010-02-19,2010,Blood Done Sign My Name,NA,109383,109383,tt1210039
3757,2010-02-19,2010,The Good Guy,NA,100688,106460,"NA"
3758,2009-10-23,2009,Motherhood,NA,93388,723388,tt1220220
3759,2004-10-15,2004,Eulogy,NA,70527,70527,tt0349416
3760,2014-11-07,2014,Elsa & Fred,NA,67657,197901,tt2113659
3761,1998-02-27,1998,An Alan Smithee Film,Burn Hollywood Burn,45779,45779,"NA"
3762,2009-08-28,2009,The Open Road,NA,19716,19716,tt1007018
3763,2015-06-11,2015,Strangerland,NA,17472,161097,tt2325977
3764,2015-03-13,2015,Hross i oss,NA,11894,11894,"NA"
3765,2009-10-16,2009,Janky Promoters,NA,9069,9069,tt1210071
3766,2007-12-21,2007,Blonde Ambition,NA,6422,1537479,tt0887719
3767,2010-08-06,2010,The Oxford Murders,NA,4803,17704131,"NA"
3768,2014-07-25,2014,Barbecue,NA,388,247565,tt3202120
3770,2008-01-08,2008,White Noise 2,The Light,0,8243567,"NA"
3771,2015-01-23,2015,American Heist,NA,0,2341218,"NA"
3772,2010-10-08,2010,It's a Wonderful Afterlife,NA,0,1642939,tt1319716
3773,2011-06-21,2011,You Got Served,Beat The World,0,1230542,tt1568139
3774,2009-08-21,2009,Fifty Dead Men Walking,NA,0,997921,"NA"
3775,2014-06-19,2014,Plastic,NA,0,575371,tt2556874
3776,2015-03-10,2015,Jungle Shuffle,NA,0,360898,"NA"
3777,2016-10-28,2016,Ethel & Ernest,NA,0,200447,tt1725969
3778,2009-09-22,2009,Adam Resurrected,NA,0,90909,"NA"
3779,2009-05-26,2009,The Devil's Tomb,NA,0,0,tt1147687
3781,2007-02-02,2007,Partition,NA,0,0,tt0213985
3782,2012-04-13,2012,Detention,NA,0,0,tt2304595
3783,2014-02-07,2014,Nurse 3D,NA,0,0,"NA"
3784,2015-05-19,2015,Grizzly,NA,0,0,tt1694021
3785,2016-01-07,2016,Friend Request,NA,3759078,11310835,tt3352390
3786,2010-04-30,2010,Gunless,NA,458054,458054,tt1376195
3787,2009-04-03,2009,Adventureland,NA,16044025,17553055,tt1091722
3788,2012-09-20,2012,Amour,NA,6738954,36787044,tt1602620
3789,2006-04-28,2006,The Lost City,NA,2484186,5256839,"NA"
3790,2000-01-12,2000,Next Friday,NA,57176582,59675307,tt0195945
3791,1967-06-13,1967,You Only Live Twice,NA,43100000,111600000,tt0062512
3792,1988-06-10,1988,Poltergeist III,NA,14114000,14114000,tt0095889
3793,2016-12-21,2016,Dangal,NA,12391761,294654618,tt5074352
3794,2010-03-19,2010,The Runaways,NA,3573673,5278632,tt1017451
3795,2009-10-30,2009,Gentlemen Broncos,NA,115155,119955,tt1161418
3797,1963-11-07,1963,It's a Mad Mad Mad Mad World,NA,46300000,60000000,tt0057193
3798,2006-11-03,2006,Volver,NA,12899867,87226613,tt0441909
3799,2011-11-11,2011,Melancholia,NA,3030848,21817298,tt1527186
3800,1981-08-07,1981,Heavy Metal,NA,19571091,19571091,tt0082509
3801,2012-11-13,2012,Jab Tak Hai Jaan,NA,3047539,5806666,tt2176013
3802,1995-12-29,1995,Richard III,NA,2684904,4199334,tt0114279
3803,2010-05-21,2010,Kites,NA,1685269,17155193,tt1198101
3805,2012-06-01,2012,Mine Vaganti,NA,0,18872126,"NA"
3806,2012-10-11,2012,Zarafa,NA,0,14709816,tt2077908
3807,2003-10-17,2003,The Texas Chainsaw Massacre,NA,80571655,107967319,tt0324216
3808,1971-01-01,1971,Fiddler on the Roof,NA,80500000,80500000,tt0067093
3809,2014-07-16,2014,The Purge,Anarchy,71562550,111534881,tt2975578
3810,1965-12-29,1965,Thunderball,NA,63600000,141200000,tt0059800
3811,2008-05-30,2008,The Strangers,NA,52597610,83051676,tt0482606
3812,1996-11-06,1996,Set It Off,NA,36049108,36049108,tt0117603
3813,2016-10-20,2016,Ouija,Origin of Evil,35144505,81831866,tt4361050
3814,1999-10-22,1999,The Best Man,NA,34102780,34572780,tt0168501
3815,1988-11-09,1988,Child's Play,NA,33244684,44196684,tt0094862
3816,2019-02-13,2019,Happy Death Day 2U,NA,28051045,64273617,tt8155288
3817,2007-06-22,2007,Sicko,NA,24538513,36535837,tt0386032
3818,2015-01-30,2015,Black or White,NA,21571189,21971021,tt4994952
3819,2000-01-21,2000,Down to You,NA,20035310,20035310,tt0186975
3820,2004-07-30,2004,Harold & Kumar Go to White Castle,NA,18225165,18225165,tt0366551
3821,2000-10-13,2000,The Contender,NA,17804273,17804273,tt0208874
3822,2000-02-18,2000,Boiler Room,NA,16963963,28773637,tt0181984
3823,2006-12-05,2006,Black Christmas,NA,16235738,16235738,tt0454082
3824,2016-11-18,2016,The Edge of Seventeen,NA,14431633,19096003,tt1878870
3825,2016-12-02,2016,Jackie,NA,13960394,36588512,tt1619029
3826,1984-03-16,1984,The Ice Pirates,NA,13075390,13075390,tt0087451
3827,2004-05-14,2004,Breakin' All the Rules,NA,12232382,12512317,tt0349169
3828,2011-08-12,2011,Glee,The 3D Concert Movie,11862398,17462398,tt1922612
3829,1989-11-08,1989,Henry V,NA,10161099,10176701,tt0097499
3830,2016-11-04,2016,Loving,NA,7710234,12898064,tt4669986
3831,2007-11-28,2007,The Savages,NA,6623082,10642023,tt0775529
3832,2003-04-16,2003,Chasing Papi,NA,6126237,12657377,tt0323572
3833,2000-09-08,2000,The Way of the Gun,NA,6047856,13061935,tt0202677
3834,2019-05-17,2019,The Sun is Also a Star,NA,4950029,5680796,tt6423362
3835,2008-08-22,2008,Hamlet 2,NA,4886216,4934104,tt1104733
3836,2002-09-13,2002,Igby Goes Down,NA,4777465,4777465,tt0280760
3837,1994-04-29,1994,PCU,NA,4333569,4333569,tt0110759
3838,2007-03-09,2007,The Ultimate Gift,NA,3438735,3438735,"NA"
3839,2000-09-29,2000,Beautiful,NA,3134509,3134509,tt0210567
3840,2007-06-01,2007,Gracie,NA,2956339,3922043,tt0441007
3841,2012-08-09,2012,The Sapphires,NA,2450867,20395040,tt1673697
3842,2016-08-26,2016,Greater,NA,2000093,2000093,tt2950418
3843,2018-12-25,2018,Destroyer,NA,1533324,3703064,tt7137380
3844,2006-08-18,2006,Trust the Man,NA,1530535,2548378,"NA"
3845,2005-08-26,2005,Undiscovered,NA,1069318,1069318,tt0434424
3846,1998-11-06,1998,Velvet Goldmine,NA,1053788,4313644,tt0120879
3847,2010-05-14,2010,Princess Kaiulani,NA,883887,883887,"NA"
3848,2003-06-20,2003,The Legend of Suriyothai,NA,454255,454255,"NA"
3849,1991-10-25,1991,Due occhi diabolici,NA,349618,349618,"NA"
3850,2015-08-26,2015,Dheepan,NA,248795,7704357,tt4082068
3851,2010-01-22,2010,La fille du RER,NA,208163,208163,"NA"
3852,2002-10-25,2002,All or Nothing,NA,184255,184255,tt0286261
3853,2010-02-05,2010,Red Riding,The Year of Our Lord 1974,148826,148826,tt1754215
3854,2009-07-31,2009,Flammen og Citronen,NA,148089,1635241,"NA"
3855,2010-04-02,2010,Leaves of Grass,NA,70066,85527,"NA"
3856,2006-11-22,2006,Opal Dream,NA,14443,14443,tt0420835
3857,2015-05-08,2015,Skin Trade,NA,1242,1242,tt5350540
3858,2014-06-17,2014,Beneath Hill 60,NA,0,3440939,"NA"
3859,2012-09-13,2012,Veronika Decides to Die,NA,0,2243,"NA"
3860,1968-10-10,1968,Barbarella,NA,0,0,tt0062711
3861,2013-02-01,2013,A Haunting in Connecticut 2,The Ghosts of Georgia,0,0,"NA"
3862,2012-05-18,2012,Polisse,NA,176988,22744132,"NA"
3863,2015-11-12,2015,Heist,NA,50136,3324131,tt3276924
3864,2011-02-26,2011,Ultramarines,NA,0,0,"NA"
3865,1986-09-26,1986,Crocodile Dundee,NA,174803506,328203506,tt0090555
3866,2016-09-02,2016,Dofus - Livre 1,Julith,0,624747,"NA"
3868,2007-11-30,2007,Awake,NA,14373825,32968648,tt0211933
3869,2019-12-06,2019,Marriage Story,NA,0,0,tt7653254
3870,2016-11-17,2016,Manchester by the Sea,NA,47695371,77733867,tt4034228
3871,2009-12-16,2009,Crazy Heart,NA,39471742,47417251,tt1263670
3872,2008-08-15,2008,Star Wars,The Clone Wars,35161554,68695443,tt1185834
3873,2015-02-20,2015,The DUFF,NA,34030343,43528634,tt1666801
3874,2014-10-31,2014,Nightcrawler,NA,32381218,50334418,tt2872718
3875,1987-07-31,1987,The Lost Boys,NA,32222567,32222567,tt0093437
3876,2018-12-14,2018,Dragon Ball Super,Broly,30376755,122747755,tt7961060
3877,1979-11-07,1979,The Rose,NA,29200000,29200000,tt0079826
3878,2013-09-27,2013,Baggage Claim,NA,21569509,22885836,tt1171222
3879,2016-10-07,2016,Middle School,The Worst Years of My Life,20007149,23311293,tt4981636
3880,1991-03-01,1991,Haakon Haakonsen,NA,15024232,15024232,"NA"
3881,1999-04-23,1999,Election,NA,14943582,17202854,tt0126886
3882,2007-03-09,2007,The Namesake,NA,13610521,20288774,"NA"
3883,2013-10-18,2013,All is Lost,NA,6263670,10386814,tt2017038
3884,2004-02-27,2004,Club Dread,NA,5001655,7573551,tt0331953
3885,2009-09-17,2009,Bright Star,NA,4444637,17220091,tt0810784
3886,2001-09-21,2001,Glitter,NA,4273372,4273372,tt0118589
3887,2014-06-04,2014,The Rover,NA,1109199,3180252,tt2345737
3888,2004-04-23,2004,Silmido,NA,298347,30298347,"NA"
3889,2008-11-07,2008,Repo! The Genetic Opera,NA,140244,198883,tt0963194
3890,2017-10-20,2017,Posledniy bogatyr,NA,0,30700192,tt6175394
